subrun_id,baseline_score,best_score
1,4.5,10.0
2,4.0,10.0
3,4.0,10.0
4,5.0,10.0
5,3.0,7.5
6,2.0,9.333333333333334
7,2.0,10.0
8,3.5,10.0
9,2.0,10.0
10,2.0,10.0
11,2.0,9.333333333333334
12,2.0,8.0
13,2.0,8.0
14,4.0,10.0
15,2.0,10.0
16,8.0,2.0
17,8.0,10.0
18,2.0,10.0
